date,temp_mean(c),temp_min(c),temp_max(c),Pressure,global_radiation,Wind_Speed,Wind_Bearing,satellite_activity_index,norad_density_index,normalized_label
2025-01-01,15.229012728613537,9.124752917564395,18.47023792687284,1015.0118511011023,15.966566683414635,1.6223038947525217,41,0.5467913660733804,29,0.7217723752468186
2025-01-02,11.213566544982319,5.598107551635161,15.434159464499922,1009.8764720306159,-39.85055429408307,5.293620595256022,274,0.3285030241623169,28,0.35899272957202105
2025-01-03,13.631774207475445,6.580274447383754,16.166551719571245,1013.3306057552513,-14.130510361107431,4.400973231454451,113,0.506173360751548,53,0.577468206231007
2025-01-04,10.352514638840727,11.058383809092096,15.480304989128669,1003.9860245851281,22.370931303356453,3.4096347675173844,228,0.5291857714107691,33,0.2812001030163406
2025-01-05,13.439988523270015,7.993128001936558,16.43726216513082,1012.6949381065928,7.195103527736552,5.974587427846899,35,0.5882744991510311,59,0.5601411298913546
2025-01-06,9.092884081944462,7.4021690519173875,18.730639744386288,1014.1340439379856,-1.6334692934152668,1.7251804935316797,246,0.35492758020473913,44,0.16739747530966487
2025-01-07,12.967498658353117,8.798134005445533,14.668144913030511,1009.2042840149276,-4.481939286289138,2.979729947806783,10,0.4248277620998772,41,0.5174535435209459
2025-01-08,9.504344763528856,9.364678181695188,14.328512883920855,1010.5805868713634,23.798648970257624,2.043178924952668,123,0.7144557079073692,49,0.2045713168824365
2025-01-09,12.201522851194404,6.9050935576660555,17.595694160907723,1008.6992518763714,-0.005432098479892122,3.0332422787022324,94,0.6858673616429294,23,0.4482506656317411
2025-01-10,13.27844947246892,7.738906740235928,11.109787888981902,1012.0238896254348,-15.408872612957124,2.100517427808928,6,0.7038319822277548,30,0.5455467169837286
2025-01-11,13.820334651394495,11.216271761149898,17.585978071075104,1007.7517581767069,-3.0336451762367016,5.774833233981747,75,0.7902674725639507,37,0.5945038948954671
2025-01-12,16.17226018073053,9.365045110429921,21.42505969536469,1004.5575458392526,0.49195455312291947,5.33787400777846,178,0.46596027732755907,24,0.8069910435625798
2025-01-13,14.34158797287312,9.461403951930217,18.28983074010034,1014.6406966559462,7.03835558662203,5.651879095743167,199,0.40277452050280405,39,0.6415970662704651
2025-01-14,15.196872960148307,4.661808098070956,16.640409979159692,1013.8567861995928,-6.952415552359857,4.55330691513074,20,0.6423146050005613,50,0.7188686745663272
2025-01-15,11.954790153078797,6.4072838537283765,13.913684317205874,1008.7331198441661,19.67774631594836,4.913469865457452,241,0.6139554788952359,39,0.42595934439236083
2025-01-16,15.93522879146514,7.710979870263049,18.22672132400649,1014.6424580061398,4.834975883318776,3.40168887738374,121,0.7464294940864892,36,0.7855761971223416
2025-01-17,16.264078408478895,7.527419791867736,16.30067486034027,1010.5535036734781,5.28600351719902,2.091850032180677,88,0.8146000066503745,56,0.8152864564770463
2025-01-18,13.195490480057693,11.323063159699075,13.923667244076423,1014.1651800257958,2.745287394867255,4.177913085660992,169,0.3506855301994445,32,0.5380517008644322
2025-01-19,15.129697740440477,11.56933544561802,19.060543112887153,1012.6992604245555,14.98111634075209,2.4459467984763013,81,0.6431997934616842,35,0.7127996597447427
2025-01-20,9.822271045161663,8.910066153483289,16.077519239934357,1018.4816148939531,-15.608726631590338,3.540162838972304,178,0.5576379865420596,49,0.23329469618499632
2025-01-21,9.695563317460255,9.360892888810023,17.129074643547018,1006.912059265291,1.5047540459834605,1.2033753051658143,257,0.7631939561982752,34,0.22184715524990475
2025-01-22,14.280171136098149,7.930816305761732,17.22308960954275,1014.3445674624879,12.77993587090381,3.2058344060268653,61,0.45075602448753627,48,0.6360482985209389
2025-01-23,17.04754184863732,12.472782928755766,16.18286764827142,1010.42977439681,10.288900871621207,4.344073867762837,178,0.4813449193626542,57,0.886069272687723
2025-01-24,16.36682285680365,9.28325239571789,18.24961623600022,1012.4116911575328,-1.385885942597074,2.385434310272476,354,0.7774653407947254,49,0.8245690101096295
2025-01-25,10.38406435024997,7.684804794199969,17.265435542889698,1015.6577731061749,16.55922697420761,1.4372984701300897,129,0.3835293987012032,52,0.28405049438077834
2025-01-26,9.660223140108572,9.622816353637049,18.46532300725511,1012.0156868236905,8.974058065531668,2.345933715824458,314,0.4912663889952937,53,0.21865431031277396
2025-01-27,9.62303600801644,8.761061779376922,12.52431557033343,1016.4758268109338,30.120350149424173,2.805160596690448,84,0.46496212055829866,27,0.21529460033607448
2025-01-28,12.406115503513032,6.9635650720827735,18.68191428796428,1014.870993074563,14.841238264179708,2.5471101306331403,211,0.40906402751349136,43,0.4667348007742768
2025-01-29,15.14212370338323,10.895621166989125,20.06505207604253,1013.4929898186764,-7.189814407346696,1.9543343348598354,47,0.7519245878906314,30,0.7139222962407605
2025-01-30,13.197386822705543,6.924561248652871,16.735031164966017,1009.6317300476078,3.0283863051376883,1.3748638488678475,355,0.57824892876662,58,0.5382230279056636
2025-01-31,9.135736907277089,9.986680017303618,17.194356486610612,1011.619777885261,-1.126049837338113,4.302438560036078,201,0.44751391544649133,37,0.17126905821213473
2025-02-01,12.404980326358702,9.966733507719248,16.736292804379755,1008.8060213897309,5.23087948131231,3.741175123778425,84,0.7914689884286976,43,0.4666322420181653
2025-02-02,15.344095837048984,10.957692628114646,18.797671291393932,1008.6581318960025,-27.861873411742753,2.974331087257898,9,0.4923811128083077,46,0.7321696779106065
2025-02-03,11.403281742683637,11.594161360246042,15.865914170511196,1016.3804815393719,-22.014896512197435,1.1116748105075986,28,0.37757014738699024,41,0.37613274566332605
2025-02-04,12.60858531896398,9.613622920811588,16.68920167083926,1011.9507774772834,-5.875732721456584,4.6179624855385,356,0.7072510936940383,50,0.48502714602063074
2025-02-05,12.223217804498773,9.231476067049327,16.722937813357923,1016.8175131297198,14.931681756074065,5.072073542079985,350,0.7381006359478215,47,0.4502107186651434
2025-02-06,12.321897447322131,6.9346442844428395,19.354670649328522,1010.5571397336472,1.5179053014639616,4.816842496208578,58,0.7022330834915829,34,0.4591260332333491
2025-02-07,10.059896490771992,5.547060104489347,13.981467388027312,1013.0106022869019,-21.239342773619715,2.302262223417292,206,0.4248014023835061,23,0.25476321326119183
2025-02-08,7.689651823350182,10.340166439946913,14.521258022644316,1013.8573689862475,-7.922824923722234,3.6020690283916577,81,0.4573723753428579,22,0.04062100308412367
2025-02-09,7.962882662122891,6.490892247702537,18.441373440474827,1016.2443837882142,1.0412613093087684,2.780401379529801,142,0.7841352013510741,51,0.06530632629464503
2025-02-10,12.914437061099038,8.938463988169028,15.16235858999566,1011.5283924904628,6.143548586103576,3.4486818808728907,193,0.3929665183266672,22,0.5126596385424048
2025-02-11,13.216363954260794,7.9268382589461375,13.787604215363602,1006.5650788053117,26.842475488317884,2.938743422942096,36,0.3820276272500609,55,0.5399375365173348
2025-02-12,14.298130573624006,13.085071865642494,15.121255798441233,1011.8924674166244,-15.91986168038113,3.3451326689519236,32,0.6636529912398996,56,0.6376708625111397
2025-02-13,11.794020763347707,7.265475005080445,17.146709085162055,1006.8397916294837,-0.1976812694457506,4.501461411059104,232,0.34785588060865547,22,0.4114344673115142
2025-02-14,12.219744350952109,5.595366934874745,15.252576024581781,1008.3535819794193,2.8898710267845935,5.510941146422708,320,0.6926697974589325,55,0.4498969059057884
2025-02-15,13.264819835579742,9.778844762830902,17.626281987757544,1014.3891246085011,4.0102734354661385,4.485679171646965,200,0.6819481290209086,45,0.5443153333179511
2025-02-16,15.572863946535094,8.355356321583473,15.188578341478465,1006.2935721259042,42.08500970069237,3.733596151246057,235,0.753403517824846,37,0.7528379697779907
2025-02-17,11.146175815210094,7.511399963133936,19.791561932704717,1014.6971815550296,9.805210602447927,4.614005281771612,302,0.666772917864674,47,0.35290424427038886
2025-02-18,13.218242312354054,7.715514906414346,15.568545771024514,1012.1332598873405,5.941442163860345,3.1695996794107373,279,0.8479941250495768,21,0.5401072387253487
2025-02-19,11.619501575017276,7.131871258214757,18.9415216435289,1015.1180184417939,-1.3858717308574702,2.624631739615865,302,0.7110547526048713,49,0.39566735043069146
2025-02-20,13.226937208058429,7.827131194355701,19.481840012007275,1006.1284137438416,-2.1618578614484383,1.0619052484424576,198,0.7233412364488945,43,0.5408927880861323
2025-02-21,10.815706096790588,7.474226332928221,16.850269840941603,1009.2244296979889,-9.105521307694506,5.824264148224425,155,0.8675779550867166,37,0.32304761517567077
2025-02-22,14.443995257789867,7.970712625257026,17.593316482015734,1014.7594718750229,39.61247860077845,3.6250009081513612,314,0.6656558383928479,21,0.6508491585256324
2025-02-23,11.775265704364354,9.265340974625968,17.386423010986327,1008.9638931067415,-23.32689103868501,3.646831471110768,270,0.383537215250912,50,0.40974002207643007
2025-02-24,14.497518828216977,9.303159063623017,14.972674845236993,1011.0515720642417,-2.1923733434324015,2.27637245571825,229,0.7084539766944485,36,0.6556848009491196
2025-02-25,8.57206146049619,12.478795364626581,15.699276321041223,1009.9738609485569,13.233236976020429,1.4417737119636844,259,0.6855857620310549,45,0.12034321597513711
2025-02-26,9.834909564989074,9.653430416177773,17.41604570420362,1010.9711780290909,7.640280984294863,2.903336485228963,355,0.37534156589105977,57,0.23443653635297876
2025-02-27,14.71977204878464,9.08779686861484,17.695299596095087,1012.4007203049772,5.9207777213418575,1.9327918482639397,6,0.5231232441531518,27,0.6757644984273973
2025-02-28,12.106565592313403,13.785892146134891,17.693135389368486,1009.4287178930257,7.701198879385156,3.8535042842243707,296,0.6164017422357448,37,0.43967165369739425
2025-03-01,11.990212851317679,8.813493686250046,16.072436020264217,1010.1136206701382,1.5831130273931378,5.669303354665908,227,0.5162473009955071,52,0.42915964476454166
2025-03-02,12.575839695501402,9.040362221490495,15.689587931939606,1018.4682868602871,-2.801184312098214,2.1147752799250172,196,0.6440902647676665,20,0.48206870874270624
2025-03-03,13.619425333586824,8.144852886372576,16.915556882535476,1011.1426530854692,6.698154467230566,3.044784500090257,290,0.7278888277059132,49,0.576352534425453
2025-03-04,11.43730445964056,10.294159541131906,17.39433742140167,1014.3098248875139,24.097186890539696,4.534514931018245,271,0.47415515157063226,29,0.3792065632761335
2025-03-05,15.134896132389065,11.719294868369671,15.585686715180397,1014.8517700367414,12.290381340921437,2.1000177775834077,324,0.7024637425318472,23,0.7132693138511468
2025-03-06,14.332110935617395,9.460049955833403,17.031447315560573,1005.8092800705718,-15.710643519961279,5.054071912890188,90,0.8497277121367166,47,0.6407408535208848
2025-03-07,12.925627535245361,8.511912484407734,19.730736006055558,1009.7409505809735,-12.57993559213393,3.771738127070418,287,0.4103235913745956,21,0.5136706535230775
2025-03-08,12.231526985716414,8.649311875727811,16.0571240076247,1011.200386589086,-7.840601885562855,3.451199832939914,79,0.47445583194135255,23,0.4509614202510024
2025-03-09,8.443978561154395,9.895799306347147,16.88720225596003,1013.4621204602287,11.907390466194459,4.653841331167125,345,0.39093399633426396,24,0.10877143373344426
2025-03-10,8.471769740458946,7.4096806444106855,13.794535418975087,1011.407017386216,8.54914314057872,2.9775202080636056,251,0.720675334047199,26,0.1112822566208456
2025-03-11,13.660236323912471,9.710490733970195,18.820735539259505,1009.3749560912663,-26.01763213955355,3.4925410956836416,69,0.5911811448388973,28,0.5800396456287683
2025-03-12,14.911513757586963,10.650234955707663,19.217325006917058,1011.3937615076246,15.82141504697262,5.123884586606079,270,0.5555297722533461,42,0.6930876017636953
2025-03-13,12.810375067315356,6.024215606754644,18.618839831770128,1010.6422021376416,22.936556539297083,1.1863264142593524,113,0.3194890057782506,51,0.5032580499002883
2025-03-14,11.438584737296512,7.9804329999664265,15.977824857439353,1009.0170015321,-14.37876528518776,2.968416972718429,7,0.4059479329345484,55,0.37932223128739595
2025-03-15,13.921122830419527,12.08901576460491,15.644744748759257,1018.310447883361,-1.0198800791309808,5.290970624458852,129,0.38005623710061565,21,0.6036097073513681
2025-03-16,14.215220237886527,7.352748882694507,15.613486174088107,1011.106797583477,4.102298175527713,5.228387373685914,229,0.76917266161091,27,0.6301802423294439
2025-03-17,10.025160422198315,7.602058581355604,15.352831930716166,1015.7495686426934,-18.45503897615743,4.318736269008562,288,0.5580853918901573,21,0.25162494715749867
2025-03-18,13.681390158047671,10.246855961439643,15.094621962396152,1010.5927619692736,-9.579983089817604,5.894802162391944,285,0.34044880334911,37,0.5819508106902039
2025-03-19,13.830658713678355,7.6560790038979345,17.161715258251338,1012.0641882152756,17.185867698268765,3.80255327639078,8,0.3684524386753505,58,0.595436632998777
2025-03-20,10.576300348361666,9.31503815141683,14.451480543483314,1013.0494149167043,8.81190859177937,3.5987680116020457,202,0.30242604187937877,22,0.3014182547968416
2025-03-21,10.30868834426799,8.221713362391345,19.34937369559757,1009.101051295993,19.715556786296887,2.4872010762346513,121,0.42949404149213233,38,0.2772405710268073
2025-03-22,12.978650908740402,6.904250174849849,16.452062696949834,1011.5978143564872,-22.597701707743333,2.3508481887268697,234,0.5139099330901113,45,0.5184611051365065
2025-03-23,13.168368487814009,10.620455921951626,20.997355133110972,1009.1447887244674,13.707541894798046,1.1945785072312134,140,0.47233629302877667,20,0.5356013363753581
2025-03-24,10.965323219787841,8.111003428287004,18.363354937925482,1011.8429451720223,18.314270331625917,1.091289293152275,342,0.6233060964314414,38,0.3365649291641107
2025-03-25,12.227528408586458,13.804360495846462,13.037215720022239,1007.8809848231506,3.174595599684989,5.439164588266765,1,0.4927684976552107,49,0.45060016465745917
2025-03-26,13.871539158285263,9.158943334585473,18.53555778169866,1006.6033814797702,-1.0615888830757456,5.598568119165934,20,0.6392263813909023,57,0.599130019121091
2025-03-27,13.031219977750755,10.17071925714141,18.412865347036103,1010.2477427105367,-0.9953581050118492,2.57893430169193,326,0.777720348031315,35,0.5232105121405829
2025-03-28,16.443317548486068,12.494285637475297,17.944781842847306,1007.5330691133593,-12.017664318255255,3.3798499106071382,198,0.4348901791838766,32,0.831480002282224
2025-03-29,13.743149095610887,8.691894728457099,14.267634416229075,1016.5715603163648,22.149783153194555,2.79111942698859,84,0.36519248464855397,28,0.5875304858898787
2025-03-30,13.462163399559934,9.83709899689085,18.196710143517,1015.9174591921353,19.36826930480232,5.159394122767353,178,0.5240916656011052,26,0.562144542064112
2025-03-31,14.160392879979417,8.96561479255146,14.128963250423109,1009.8072239671487,-1.4863562140902433,1.6325933923937732,51,0.5055364355214725,54,0.6252268078752834
2025-04-01,10.9838697272784,9.108758609033062,14.73104915945972,1009.2009028766345,24.26740960381944,5.892566210838841,121,0.5766617509111933,42,0.33824053259850795
2025-04-02,14.652810825498529,6.67238291246866,17.50184532104522,1008.3794309840504,-4.3314864572659895,1.9479966740122099,71,0.5037193910823444,32,0.6697148173342445
2025-04-03,12.088328548192026,7.8746564295425365,13.969205150730637,1014.9243742618795,-10.562919822363483,1.5421451900787448,237,0.6688509666582324,24,0.4380240090517061
2025-04-04,13.057486062037329,6.753553285087017,12.262884688676053,1005.6542194250881,15.848848918715806,3.0604098060644214,195,0.32845597459838405,47,0.525583548738506
2025-04-05,12.855655070414137,10.037306972659996,16.615000657986357,1017.6278330866737,-10.257715038824177,1.4027612660366935,8,0.5470277756800687,40,0.5073489186927259
2025-04-06,12.695996999624006,10.539278250949014,18.0198636528013,1011.8310427853246,0.990673761079954,4.176039695917313,309,0.6147684956087589,21,0.4929244448729854
2025-04-07,14.022245790375989,9.792985266581962,12.206903892553546,1016.2771262919562,9.434255771797936,4.293347417105486,203,0.8273423478725377,33,0.6127457659373697
2025-04-08,14.687766032993732,9.58527273651488,18.521713709905086,1012.7789391229002,37.39615356594664,3.6410231024222885,209,0.36355284982032227,20,0.6728728817708425
2025-04-09,10.995853910493622,5.521418876599398,19.082119691249474,1010.9881388608768,-14.537507584648576,3.1212162500864578,279,0.7511272274347476,35,0.33932325604733493
2025-04-10,12.746994041853325,8.216814635551717,16.176864096173194,1008.753064834166,-11.843737523127494,2.199536886799537,141,0.800142262667696,52,0.4975318254888264
2025-04-11,12.167729306046226,9.003567895735172,17.770231060548532,1011.5607736407196,-18.463914197812006,4.802264533206939,267,0.30612946159476606,34,0.4451975527834287
2025-04-12,12.132075394556486,9.675300272324426,18.46804524931795,1012.4963903455139,31.914516227256325,2.622652411592904,67,0.5843511751592296,51,0.44197636321054995
2025-04-13,10.177034384710982,7.983094980881144,19.849455084242084,1009.6390416129967,4.8181115108654815,3.8481092305376214,214,0.315763948978788,23,0.2653461576501638
2025-04-14,10.806852956996075,10.266621991935217,17.43819135740825,1014.4752265836134,16.432498630769018,5.242783045745857,36,0.41022983824940906,40,0.3222477690886143
2025-04-15,13.840570545945507,11.457667309707752,13.09727476388952,1009.6727085482453,-17.68380657505911,3.5537374431131017,358,0.46243797593149794,59,0.5963321277541354
2025-04-16,12.819245794046145,8.92312190719465,16.82431324574841,1014.2260821299842,8.86363339183097,2.3804212091629173,286,0.5967159392358714,26,0.5040594848973236
2025-04-17,11.871964680674306,6.5868359758344175,15.933825765006075,1009.9248935892709,6.944686651583817,5.880823321181856,214,0.5387440344563805,58,0.41847639127640684
2025-04-18,14.889800067297355,9.953692513885896,19.588038158674735,1011.304715343848,-10.157343046371693,5.416539438454262,144,0.6626957035994024,55,0.691125855917949
2025-04-19,9.839807101794555,7.578565289860766,14.83965859091211,1010.4486272196478,6.8663786090987715,2.2783238598456914,80,0.8180806787291499,36,0.23487900938977715
2025-04-20,13.811301743359115,6.432920346465759,15.539489205691414,1015.0154336695027,-18.87117699903516,2.3181303222598437,82,0.4144701993153334,41,0.5936878074604401
2025-04-21,10.248211395980196,9.978729799232132,17.828356042100747,1014.9062527562879,16.945395208201923,1.4780874755326758,137,0.4104670448483537,56,0.2717767184764293
2025-04-22,13.621924778488923,6.542819800331195,15.257486017880888,1009.0548819687981,26.045289959723142,4.760009803241164,304,0.6890793248334443,42,0.5765783493646903
2025-04-23,13.459962704536673,10.17255002941085,14.990838427940659,1008.5827386601079,14.196247120427689,3.7143816053019334,355,0.5671022923350604,20,0.5619457179921991
2025-04-24,11.741157320687613,9.319491020412624,14.722337962392546,1010.6604032299268,-20.375718710628213,3.1059218641785127,178,0.5693008219247446,58,0.4066584648150653
2025-04-25,13.212866163850332,4.245274997803188,15.601981737590739,1007.9353408055414,20.774242247302833,2.7430220160205705,279,0.3545321209950265,28,0.5396215250188058
2025-04-26,11.629895174633997,11.039961006600649,14.220673264196828,1014.6483398940774,3.277118228919509,5.435460883020544,283,0.4670539858624289,47,0.39660637095638307
2025-04-27,14.461630252554302,7.451359283740862,15.954173422215522,1010.8104927777937,3.4510085086997577,5.336381092864171,80,0.776365011093187,39,0.6524424103984127
2025-04-28,10.545112149390647,9.917466608220058,13.207379288897114,1009.3022449301286,12.648290096447491,3.2387771650767436,351,0.8418517450266401,41,0.29860052464818104
2025-04-29,12.654532526442688,9.464176239348086,13.811056270181199,1014.5640199281712,-31.041870011275716,1.6187751740088998,276,0.5478602637784328,51,0.48917829408403185
2025-04-30,9.516191519129455,9.443381922069678,16.200668075019742,1007.0744837647462,14.20416601434861,5.121210316550744,283,0.8209841003498599,30,0.20564162429103802
2025-05-01,12.107835532994597,10.792777367203092,18.30279504381742,1010.3429427141058,-16.66746751289895,4.715955785960051,269,0.41015203321883736,51,0.43978638780396245
2025-05-02,14.46944929160584,7.414363433064025,19.00129336086542,1017.1919129180596,5.4871578475255065,1.2995079851060019,0,0.8028575776441691,46,0.6531488295824619
2025-05-03,16.267528894260288,9.824477954746605,16.882041608991877,1009.1630607155403,17.15576490024096,5.914261511228898,194,0.638313688722935,27,0.8155981941898521
2025-05-04,14.579473267463307,8.786865983468545,20.50802195007017,1013.4004533982545,-4.498049266918379,2.458955611237767,183,0.8520303810289527,27,0.6630890596719632
2025-05-05,15.928978497547575,11.79539556000236,21.4044150249072,1011.6750787565207,32.89848228584453,1.4982145109124858,77,0.6325331613383194,20,0.7850115078427242
2025-05-06,13.27013927769049,9.91914746487199,16.741619438085515,1006.8857879414538,-9.061840840701956,4.976445738486655,22,0.43430853587340623,30,0.5447959238266701
2025-05-07,12.541829617437172,6.563068759963303,13.479256255917434,1020.3009400694666,24.93916728027254,5.897460231788683,352,0.7451483843183144,36,0.47899603300375354
2025-05-08,12.702233595097175,10.094270782227067,18.45062443206592,1011.3980927256564,-30.72742181745726,5.692640375241691,46,0.44632318381584185,54,0.4934878965524516
2025-05-09,13.04934607193335,11.414347720682006,15.512828450689824,1013.6841275979399,17.403403153983923,1.9322476789016636,137,0.5269466912616059,21,0.5248481328991017
2025-05-10,12.568817777036388,8.096761257175407,14.480233306135545,1006.9078063416152,28.462823471887273,2.7532551345617406,125,0.48103894523283164,39,0.4814343062439056
2025-05-11,16.43567026467353,5.8498732912407085,16.923598356406046,1012.9071656164945,22.03510049060406,3.5318540183765004,143,0.7859417100872632,20,0.8307891005031897
2025-05-12,13.010873853835363,7.008632234688884,17.052784632535,1008.4262640817789,1.9095499769663924,1.8462635026383658,100,0.3861080771937726,33,0.5213723204957862
2025-05-13,9.112364840835284,7.243109799853201,15.319396660227673,1011.7699860956379,-14.04210917869776,3.2835834038007388,340,0.3139110033476461,40,0.1691574846547528
2025-05-14,13.25513150116475,9.212157589967092,16.493854085911664,1015.210296337529,7.714412174881789,1.8016147418926027,312,0.45314950788524333,54,0.5434400307076017
2025-05-15,15.002966960020261,8.066626349667136,17.860502723474124,1010.8806435396928,18.69158220988435,5.219294431010002,118,0.31235775045253567,42,0.7013500360878866
2025-05-16,11.58808943478707,9.480388709307874,12.848591715989194,1011.8241605918819,15.067568839773099,1.1793250020985093,177,0.7803509754204848,40,0.3928293880769548
2025-05-17,8.344430058708717,7.342601616043553,14.363041624803728,1016.1527072107746,7.239674750628171,3.2441813142256435,202,0.3957644212366549,43,0.0997776211424755
2025-05-18,13.204234496904252,6.596663783592749,18.03027044436928,1005.8240095327352,-6.044702814758366,2.770615144540945,290,0.3599540272740478,48,0.5388416881256987
2025-05-19,13.91806674862825,8.249453269866077,9.706054476392719,1004.1405910880359,17.94575120796632,3.1509591950927405,32,0.31538129042186597,39,0.6033336024756728
2025-05-20,11.152214697310198,7.271218139087139,14.94815222058813,1014.7769732869805,16.017537342008954,5.742046111228026,1,0.4746569989711129,43,0.353449833330324
2025-05-21,10.937984079592523,10.584809167000952,15.62181656529755,1012.9924667539539,2.0900296756803645,1.2531935205573284,152,0.6030002800096093,45,0.3340949462183694
2025-05-22,15.058967335420839,9.99812308572239,13.234018653152326,1011.3007159123391,9.299768721383591,3.5394691441684754,28,0.5928393802637357,50,0.7064094480228027
2025-05-23,10.32044434543368,10.083929848815108,15.179910795469613,1011.6514734271918,25.935610309453807,4.380757243960959,256,0.65178394119119,46,0.2783026791319606
2025-05-24,12.160369894483896,11.322636329289393,16.576314561472905,1011.3728179688483,16.074963801216242,2.2344603256266407,301,0.843899666653146,44,0.44453265912109036
2025-05-25,12.741468511302534,9.873333310599811,18.636073836480982,1016.999145280823,1.5891140154620196,5.201945278730446,217,0.4687561728576205,48,0.4970326157064732
2025-05-26,12.725792068910767,7.9458984971455315,17.173732913804525,1015.1720647255369,24.60761999277068,4.53021806458869,131,0.46144070521559577,22,0.4956163112769656
2025-05-27,13.26150606331235,11.324502810754408,18.05681173729586,1008.3247002588462,-23.689373365538604,1.0149620961051444,149,0.6377871824658812,59,0.5440159471292103
2025-05-28,13.476041123974472,9.998294557942504,16.642598074797377,1011.0132879222474,5.058715770289736,4.561227423576579,158,0.4278609238396365,24,0.5633983394544
2025-05-29,11.944718648709921,8.919658806776487,19.153692064664863,1015.6638423055427,15.93952560385398,4.90868584300316,112,0.5669327847093846,30,0.4250494238955435
2025-05-30,13.310748150903226,8.299881135314202,16.349290906352067,1016.0879101921429,27.01866053686565,1.5112894246983974,307,0.3707311675903873,48,0.5484647745500153
2025-05-31,13.14648796105983,9.874523479569131,16.07784986128475,1005.0659789354141,10.10403066191853,3.3249889929892857,141,0.7586989510005469,45,0.5336245175163687
2025-06-01,8.80236400066028,9.652038348519767,16.650301741175625,1012.8996992217961,-21.857100405459263,4.84575619895522,333,0.8033678982718118,41,0.14115013757187478
2025-06-02,11.699484477479963,11.308593738471986,19.172819475806754,1013.7136184438727,13.428677036650589,5.244472370819118,38,0.5537752877995039,27,0.4028934886202004
2025-06-03,12.663158486513444,9.468633512779517,18.72634932214476,1009.475020064266,29.28485527255875,2.127689919093898,231,0.7714617568361859,51,0.4899576153835752
2025-06-04,11.18362477420987,7.300948707322711,17.894806873887173,1010.3827630078832,8.170610557795598,2.1836020482629053,75,0.8013344080962259,55,0.3562876092703259
2025-06-05,13.275631920380311,9.48503167695058,15.97822587198918,1004.7182487032946,13.103628912051729,1.7371355999442941,182,0.6785403572235649,39,0.5452921623211503
2025-06-06,10.819196142301342,9.452844106594108,20.34724086665786,1013.938405354129,8.441046811316559,5.166401530649085,300,0.701813287830722,26,0.32336292695321156
2025-06-07,12.108989740923185,7.305064362394392,16.01856654381521,1010.1169390944196,-7.50493745694778,2.265788370309547,23,0.45326626061723885,53,0.4398906659150912
2025-06-08,12.750868019810751,8.886984220743587,13.578876301217903,1008.0465823813115,5.946920116015688,3.7217013492468305,112,0.45131636353416327,52,0.4978818240410361
2025-06-09,10.596431571264752,8.083092580036285,18.221415154137116,1013.9132455184366,3.7990696855690587,2.687515316642019,266,0.5488768361087237,29,0.30323703098703253
2025-06-10,12.460042762712558,8.034950128290303,17.73186655380376,1015.0715820091594,7.064507500999128,1.4462346934383488,349,0.3912379243654825,37,0.4716069148781509
2025-06-11,13.069616811946771,7.870681967238349,17.118712514988406,1011.0745580749734,6.828512858978488,2.3170407066066807,341,0.8017231360636057,34,0.526679513907173
2025-06-12,10.157717441002482,5.751162778158722,19.320068965235244,1012.3543688227828,-28.879453238059643,4.832352525941578,113,0.5610710160305302,51,0.26360094835744396
2025-06-13,16.025951755439603,5.826282816735685,17.928540640503606,1011.6678096888057,-17.703037328074583,1.3764523134105835,220,0.8612839863620985,34,0.7937726572964038
2025-06-14,10.101384214967135,8.034900750667765,15.569079036447091,1005.2222819726859,6.176871052861395,5.1778307624723,97,0.652474851904868,49,0.2585114646870787
2025-06-15,12.847487519470944,8.22286051197399,15.318568048701334,1015.4578141036776,27.407735448760896,3.161390929363523,314,0.6692099144423203,37,0.5066110128407484
2025-06-16,12.937660352782364,8.13545220865639,19.496401472550343,1008.6615809294793,9.245901661260989,3.938044190669935,271,0.8259983501453014,54,0.5147577708900934
2025-06-17,10.339600877343596,7.10551106330373,18.33357252672878,1013.578486455947,15.299029920387456,2.553645930192765,97,0.40117557477187876,20,0.2800333958545423
2025-06-18,10.80632751858839,8.131283175526164,14.58866384480979,1003.0733505466125,-12.022060174914563,4.89514365516011,5,0.3340644175707723,24,0.32220029781129006
2025-06-19,12.821546740257393,7.639369110547744,12.255887185989561,1007.2036851838485,2.0021891410163106,4.832907896842885,181,0.3428930299128284,31,0.5042673662666808
2025-06-20,13.94654516446103,6.962111086324413,17.182224281798273,1011.7719940831795,-31.884519222861154,5.343639682478443,247,0.6813456861189785,37,0.6059065144592304
2025-06-21,9.422179943805048,11.356823113837109,14.102671019719448,1008.6050094151445,11.078967363240315,2.557664150343723,308,0.3478749699906752,51,0.1971480511173899
2025-06-22,12.89598850100507,8.45673712649904,16.31977073850606,1015.2288104837232,13.516274154522776,2.4656423473274067,220,0.5359282900840938,48,0.5109928842670312
2025-06-23,12.21101759887021,6.399575378834362,16.610548132541528,1015.8119080045942,7.104500150313401,3.514371276895944,65,0.32551997733015375,28,0.44910847844757257
2025-06-24,13.125010164496132,7.175455575270195,14.863404212500868,1010.6270741753715,3.5740651622450956,2.2587045319577483,221,0.3078573694301359,41,0.5316840837336883
2025-06-25,15.813240351225081,11.012723000809487,16.219643527693314,1013.2684826200259,22.20428736278368,1.3325434854946274,208,0.4540409837239223,30,0.7745550251023772
2025-06-26,14.528004791303761,4.756813540561621,19.06065954964514,1014.7431096926135,22.25184638118468,3.6953564735661972,83,0.48717775248828055,56,0.6584390868692654
2025-06-27,9.463771737729878,7.9548196577859445,20.960175364962225,1008.505287996092,-5.825339697350981,1.6102445972577368,31,0.8851191651758099,32,0.20090570483082712
2025-06-28,14.136084822490865,8.973026658297924,16.95276652340739,1009.6929612602299,13.934860849566396,1.2937647855747723,309,0.8509059028893204,32,0.6230306712370468
2025-06-29,12.885773349223536,8.892100782174701,11.59915899446456,1014.5063328715607,-17.69416643278102,3.1798720845920805,293,0.6305712501787917,49,0.5100699857958909
2025-06-30,7.700519048070355,8.368238731937328,13.433180142593095,1007.0906245673355,19.923981228634226,1.5167729195169668,358,0.7101811772106073,39,0.04160281376048726
2025-07-01,8.989832678922927,9.028034679415768,17.52147627525454,1010.3124271924702,17.585725285703795,4.2657490317294435,211,0.5070083965670104,57,0.15808718953698006
2025-07-02,14.796712887269404,8.32163471670852,19.000417875279094,1013.479952376296,-9.594115260849929,1.9964634543117983,285,0.6780549632691822,59,0.6827157981950817
2025-07-03,13.562027331206687,6.885947246548132,19.02001176857571,1015.0098350716165,-1.4268313255848109,2.2364903582463063,115,0.47194174707353004,39,0.5711668524330532
2025-07-04,13.7377316571672,5.469185754289881,17.42178007794098,1008.4323651494095,15.21923073809263,5.827407630700569,161,0.6253533826762456,53,0.587041041800931
2025-07-05,14.353262715604565,8.164635020245354,15.068550579530497,1007.9296575604732,-3.834305066140562,5.208108805467487,238,0.48505573288054116,37,0.6426518329981885
2025-07-06,15.550351121798906,3.3628886824296416,15.120060892644116,1014.2237158092585,0.4746494603153235,1.9010497444522074,113,0.8929371879740275,23,0.7508040253027226
2025-07-07,13.36167287647727,10.54374414516619,18.54433789513909,1011.8929918160595,-17.46106274851761,4.89264108101759,336,0.6683446167589406,27,0.5530656216427116
2025-07-08,13.253255828871117,9.274407268107305,20.690212965245387,1009.0819986775983,-8.552360186260245,3.367967344801233,144,0.5203048402563603,20,0.5432705711509378
2025-07-09,10.341297701392895,4.701386376807173,18.094406534743808,1012.885947583898,1.666740711823067,3.2647120251409323,82,0.507806701322354,28,0.28018669718127565
2025-07-10,9.81034198211458,5.094277277858853,14.722823864608797,1005.9064976745267,0.8124680665990346,1.2201784939816298,188,0.5375699362791923,23,0.23221695262486722
2025-07-11,12.78693524554762,11.169140186589225,17.17944786354535,1014.2738958141335,4.972948628216102,1.8650787733586462,4,0.34026102424379195,26,0.5011403549177871
2025-07-12,11.247717054266644,8.354641472256331,15.396725824398624,1014.992175478989,4.738357855146539,2.6964944794784187,220,0.3349181555615985,51,0.3620780927150473
2025-07-13,15.316109135902217,7.071716426803628,18.878729556294978,1010.2665607486492,7.898404248271504,1.262373763735818,315,0.6126322276762393,36,0.729641190399799
2025-07-14,14.742854408624861,8.93841009945383,16.530932139708643,1011.9285303007484,1.3173797360093917,3.2070123766112197,10,0.8099882640610421,30,0.6778498981417078
2025-07-15,10.085481784656457,10.227698017456225,19.920934892853,1009.692667587028,-2.940010719670786,5.058759139215498,193,0.8701746966111188,59,0.25707474314490153
2025-07-16,10.467469314293385,9.230218086449664,18.01514552563197,1014.0002744238116,-14.480809817891862,3.1266712799626504,93,0.32266536952838953,53,0.29158580226923503
2025-07-17,10.782219989793472,5.61762052756697,19.518147084812547,1010.1528681554603,25.72701580832463,2.613029005535423,44,0.6075203974861734,23,0.3200222781456382
2025-07-18,11.358426209705211,10.30362143356346,16.249364001359247,1011.5986157906791,-23.004208101599087,1.5667723074192503,79,0.3154917479008815,53,0.3720802260636854
2025-07-19,12.472817457341511,7.4075645266012184,18.657655057454324,1002.8111238022916,-4.131892688828752,2.3302313387594857,335,0.3245873973465184,37,0.472761057899663
2025-07-20,18.08743424651097,7.2358726353158564,17.243127280212843,1005.4218541291699,-20.153277757092383,2.1892196268200528,307,0.30939951625019313,33,0.9800194287571451
2025-07-21,13.60192234896439,6.507791474431945,14.889619112978503,1009.4689476215999,-4.276255884051373,2.951506513002453,205,0.4060598473834125,25,0.5747712091457214
2025-07-22,15.864351874693275,8.54994381443485,18.833097530313708,1009.5549030779116,-4.163290232119994,3.571689320401532,230,0.8463197990200664,21,0.7791727486443528
2025-07-23,12.149963266468596,9.103177834161379,17.530585254998126,1012.9669199874638,-20.93196801998086,5.5882043180774215,193,0.432459992317942,21,0.443592461531231
2025-07-24,11.461271324581988,9.834043526093463,13.838819472648744,1012.1608100502579,15.241317907619669,2.9843803001218645,129,0.6368814352277584,25,0.38137187452020666
2025-07-25,11.861942017348861,9.198622025012025,15.262573277933205,1009.0873416300624,4.872649528200402,3.741923329017149,164,0.38875750270216275,34,0.4175708833742601
2025-07-26,12.07995900724889,5.721852655002849,17.811587973393877,1004.114874694442,7.531393705770149,3.467721116473851,17,0.741318587004043,48,0.4372678542039114
2025-07-27,11.88512953794912,10.180785299125564,18.89604357685786,1009.5835567329583,-8.08233573961679,3.4574648980273968,193,0.5731227789238755,38,0.4196657839463884
2025-07-28,13.467261763562895,10.095137068235331,13.466221506679304,1013.069489643155,6.436425322698071,1.2919235524866959,20,0.42763669068067667,21,0.5626051590421343
2025-07-29,10.788000345421386,9.668731097421205,16.960854127373846,1013.2102561580798,-19.6856191567883,2.057446575635374,155,0.7589690505498796,38,0.3205445103635963
2025-07-30,10.656019320489193,7.447869922436466,14.988524736351085,1007.2160636367302,-4.1707621505114725,1.5984058412969306,3,0.5039250686330399,51,0.3086205479267747
2025-07-31,9.277950860704308,10.387008159234792,18.389129286165996,1009.3226803739398,-7.700353925780633,4.52082176728464,208,0.8126686279110817,50,0.18411752517569477
2025-08-01,12.051848341620502,9.879413368648418,18.559721236261336,1012.5797984937966,-10.69201647994864,4.135278998736375,321,0.36630329786993476,32,0.43472816699357825
2025-08-02,14.94493762862477,8.099088420355075,18.13719503326361,1007.5405864593591,14.133801324743914,4.394166842102046,298,0.35935394493564465,27,0.6961073160215042
2025-08-03,11.896156568084077,9.95712296378483,14.54294759106293,1007.9382535894364,20.025028415141445,4.790786751661116,134,0.7501106813484608,47,0.4206620324085175
2025-08-04,14.274538637615192,10.659160810568736,14.93719511457623,1011.5387258986465,-2.9382136383804536,3.9962588669691224,99,0.4112173492310435,46,0.6355394246099298
2025-08-05,10.67111437199694,10.067691070837416,13.66822500562537,1007.7790505275261,3.8089245701693706,3.0930982523951847,316,0.39960747013909725,22,0.30998432599451375
2025-08-06,12.999150160432752,11.599706635559798,13.737732178501137,1015.9639422497438,-6.838693443342939,4.4452017801046,235,0.4683256219022477,30,0.5203131312689608
2025-08-07,10.50104389833228,8.8068099262674,15.662286574082998,1009.4118600999068,3.369867201516601,4.106125946574052,238,0.7277100719370968,27,0.29461913284927393
2025-08-08,14.538068392552645,8.126207931321504,17.072932445246693,1010.3317011960598,-5.07551779168485,4.866677364204572,231,0.38859398097212533,20,0.659348293350519
2025-08-09,12.248621942891209,7.443322492136053,18.474351252838428,1012.65171084994,23.852029331604196,1.1263097132234947,11,0.6856213650566674,26,0.45250588186823903
2025-08-10,12.273046072097452,10.188049226722951,14.244073454356316,1003.5426359131438,13.562120118089627,5.029464888872602,262,0.3202930099113519,47,0.45471250512606687
2025-08-11,16.05940439841728,9.289434548571196,18.213394177250965,1004.3176893582347,6.665998233800603,2.94874136787985,191,0.8792497587478316,31,0.7967949709849295
2025-08-12,13.821502712115011,6.778501815347298,17.02742973997818,1018.5437325150427,19.78323837616391,5.785958491880654,39,0.7166370893715364,52,0.5946094245514347
2025-08-13,10.805438968422978,12.224549764375213,17.773033609540583,1006.7943753070355,-41.86446273566924,3.7027075031892327,31,0.7662507679030843,27,0.32212002082601093
2025-08-14,13.927944713553778,9.120524917579448,21.89414823605615,1014.4353969667416,-9.017348152969527,3.447376565885352,23,0.7347012233266472,28,0.6042260374509637
2025-08-15,10.976142948771695,4.425437033590579,15.822218502303953,1013.1396483062446,5.035051098735177,4.024679556102627,225,0.5981493571361041,39,0.3375424487889685
2025-08-16,11.455267787424429,9.553512847370207,18.811914709826983,1017.4992196160642,-9.89104729877306,2.902709276271471,254,0.8675795832306692,48,0.3808294787357249
2025-08-17,12.223025089816968,7.048560773442457,18.49045426188561,1006.9899139492244,2.1978663098706037,3.6054738029954496,172,0.624538110368184,38,0.4501933076575531
2025-08-18,13.644490855236253,7.729597065055465,17.81865859791262,1014.9454423735027,1.266138101020279,3.880314749809128,180,0.6664875569783109,53,0.5786171049480769
2025-08-19,15.016792034953866,7.540173851723186,16.641420269221204,1006.6877059660261,-8.429512321611577,2.650845051368738,174,0.4783785066534759,59,0.702599076806272
2025-08-20,13.585218446079494,7.0710380211364985,16.867350455635183,1011.9419860091241,1.7623257043485072,1.695393466062764,13,0.33744376894010514,21,0.5732620777334586
2025-08-21,16.99436778018661,7.304075824059819,15.558278120437848,1011.7018237084063,0.4096520489889278,1.0917234249950534,142,0.5776941347538602,34,0.8812652063823962
2025-08-22,10.328232309758018,4.529416581226814,18.350835645280178,1011.0988450736962,-7.490588268496613,1.1603223775397682,222,0.4967149903549762,30,0.27900629083758594
2025-08-23,15.762625554419037,12.80235756560503,16.430547367130306,1016.7454016231094,3.055225800485351,5.366700602553698,171,0.7069130388780673,36,0.7699821788453284
2025-08-24,13.63769940292653,7.926730989790606,15.658908571167872,1008.4370751732447,-20.082578439108442,5.249291744775344,212,0.4282048936003505,54,0.5780035241528513
2025-08-25,14.708956225726183,6.907467456498231,19.25225152694081,1013.5866006236533,-19.048969577315383,3.0061229314112734,261,0.6460619237050047,58,0.6747873316874162
2025-08-26,13.228915438031704,9.810347868132412,14.150372115867423,1010.8232749565941,23.612000238197815,1.0643017730203477,144,0.5340135146928179,36,0.5410715133226187
2025-08-27,12.99989377176404,5.297820087484499,18.174591452105638,1009.1764921808718,-0.6927484147197285,1.5022539245468631,197,0.3909382713743695,53,0.5203803136051067
2025-08-28,8.571228226780615,7.347847749964288,15.777692117922488,1012.7436926297461,-9.91472739354586,2.5569863540941764,225,0.4317685675898628,34,0.1202679366118293
2025-08-29,11.946258426696312,7.909863500112336,14.873475557396493,1010.5344682498456,5.216131020672187,5.902057962870283,191,0.3005797489694162,34,0.4251885367330155
2025-08-30,7.240036047619389,10.914250872998366,15.844980391057273,1008.2015214738849,-7.568871937018836,2.5424142945602073,312,0.7896621891271943,41,0.0
2025-08-31,12.256082441244677,6.89758748424862,17.640353835482756,1014.9211067908404,-2.7361610443140245,3.867086216156146,150,0.3004463826080027,55,0.4531799083214541
2025-09-01,9.80564886469358,10.656056432007126,17.85456937233442,1012.2950692059181,8.016393863384582,3.929067383680372,61,0.5499484964407202,49,0.2317929480691492
2025-09-02,13.911898534757754,10.186471700492923,14.068957274014375,1014.8783342434339,9.889485607142255,4.748116628380605,318,0.8968717828815185,45,0.6027763288029468
2025-09-03,10.6907063992859,5.350540986874676,17.40628580990548,1014.0173516901674,21.431469618766503,4.376878527513123,347,0.3286073723621984,27,0.31175438799831157
2025-09-04,11.92803713139281,8.393771271262047,16.412664292308257,1014.2704588342823,-1.4883041295542838,1.9765813719583116,65,0.677539037348525,58,0.4235423149305948
2025-09-05,12.632553036400681,8.263337970288601,18.950287889515813,1009.1601912382716,10.458217400060425,1.3636982724870463,151,0.8400392390943732,45,0.4871925342842725
2025-09-06,18.30859028296571,10.09649968353681,18.614243197512703,1011.5506818214898,4.516953885566015,1.0114367758661986,39,0.8226076346224418,42,1.0
2025-09-07,14.53770857235944,8.025431297354084,12.608857048853153,1015.6456456841822,-11.443444442681646,5.5290767738772955,346,0.4787707697885869,26,0.6593157850223712
2025-09-08,13.537632674814027,10.357053067578528,16.95540926148569,1011.4980793057476,-1.6621064421170797,2.85119242224361,228,0.895213716233153,25,0.568962891927104
2025-09-09,11.488366236410672,7.0395799371480745,15.972160110670856,1012.7387729185388,24.56316703121353,5.184872075612839,65,0.3385630599456738,58,0.38381979240113084
2025-09-10,13.391479236901064,9.390302947528067,16.587710492640873,1013.961246992862,2.2456771567540446,1.3443761955321334,132,0.42919962501315245,43,0.5557585081561652
2025-09-11,12.154421703673727,12.311713910015703,17.787925579803957,1008.1187381134259,-1.2599600501900092,1.7945899194051742,19,0.7335501440684294,27,0.44399526365970526
2025-09-12,13.736345154571369,11.174949690278616,18.004866055247213,1007.5541768766207,6.8778532727292045,3.085086129694256,83,0.3168303502248329,36,0.5869157767874206
2025-09-13,11.196486000449578,11.346654236672777,16.03380846352038,1010.5851491448191,-2.849890636179368,4.343729618585709,226,0.3679608549340447,23,0.357449570079863
2025-09-14,13.638489147381161,11.811185537903244,15.102014810779602,1014.4692469128657,0.3503747672286318,5.6773695443365355,145,0.560948148550405,50,0.5780748744338219
2025-09-15,8.603028403063309,8.579362971333072,15.49737240617599,1012.7291312431688,-4.827452073157208,3.688804382402324,137,0.4876263240577001,25,0.1231409564847539
2025-09-16,14.293910376025199,6.980567590746217,13.477027238225826,1014.9875049794521,7.360492227611122,5.616423090989969,208,0.34014239742608937,56,0.6372895843867276
2025-09-17,10.07000203942562,6.14205581663999,18.52963379335222,1013.1271127081468,-0.7988230579624898,5.739873569544976,308,0.42337731498088493,21,0.25567620952418685
2025-09-18,11.824958622937825,6.581395673787945,14.316269044098583,1013.7005011481144,-15.285535757491564,3.3138685137597,134,0.7109484537950503,21,0.4142295802894423
2025-09-19,10.720560946437288,7.551897890787256,16.906004725164706,1011.2821733696744,-20.0069155811475,4.881701266817129,88,0.8828197999047445,24,0.3144516279915936
2025-09-20,12.404536126698709,11.235089603565237,15.90746923400668,1006.8250503647689,17.06691263730111,3.454220659188489,65,0.6366607120052747,49,0.46659211033966885
2025-09-21,9.363643763507092,11.150480601395898,13.960686830670266,1014.5800912024936,12.866241003282456,1.9477914283556277,181,0.8962520704504999,22,0.1918595392617921
2025-09-22,15.089499227552619,3.2352059962362123,17.18435754051806,1008.4752827966239,-8.206911256571177,1.220676040394262,211,0.3383239595704927,50,0.7091678834501035
2025-09-23,15.16576144768788,7.83958720257205,17.61552996855383,1012.4950788344956,-42.362901136605814,5.553403786075909,343,0.34090188715215985,54,0.7160578727399175
2025-09-24,11.475989843278265,5.355661556600952,17.218636423532786,1013.8417478969403,0.4073250036456767,5.737561093931247,344,0.6775414800538005,31,0.3827016343409857
2025-09-25,13.80812380917164,11.07719654178807,17.43837902270179,1017.4025190599481,10.535147539018439,1.1216460426859096,8,0.5500951468521718,49,0.5934006937037648
2025-09-26,14.317957095965111,8.675397899729612,16.09063313346072,1009.3481612376619,-0.7627256702696494,5.2796364332903805,284,0.5995038331088764,58,0.6394621102133726
2025-09-27,11.16695876919205,9.801324728952261,15.124549102531391,1007.0187623823433,-7.296833064191014,4.643930013735717,311,0.5230545913688999,23,0.3547819017801282
2025-09-28,12.380548210296189,10.605008299709567,16.330105271574805,1009.3121375041809,-22.468616198661902,3.022847997254879,147,0.6475541689223228,30,0.464424897179533
2025-09-29,12.948046438989392,8.801055063302297,19.41802755384791,1012.908953562351,15.963441899833013,2.2863998637327163,2,0.41234370487779864,35,0.515696112609002
2025-09-30,12.881290022890248,5.724072078410435,18.543362053517928,1007.8415985319787,5.807485565377734,3.384330792732051,208,0.8788123123981806,40,0.5096649350333469
2025-10-01,13.70137883099531,8.152483982479309,16.126890728014246,1011.8479516442917,4.751766230669412,1.3396839042511708,83,0.5362254139404656,55,0.5837567080569808
2025-10-02,11.15338867984931,12.620266042367646,16.45395372603539,1010.4111354934746,22.069806267678473,4.85170187647553,79,0.3617471115261618,27,0.3535558979991281
2025-10-03,11.448316281946857,9.464132785494774,15.404036414237208,1002.876669398921,-10.338102423313808,1.710302231566577,221,0.7782680561406061,48,0.38020143777122634
2025-10-04,15.975242384128947,7.466702673992894,18.18046851814185,1012.7265515437633,-2.3610607563584747,5.5277367408468185,344,0.541996712359645,36,0.7891912666077517
2025-10-05,10.048908630828178,8.619400866336022,13.091133603452196,1009.5205032631123,-1.6241944217733868,4.131178390295981,309,0.4556042721327766,27,0.25377050367056386
2025-10-06,11.888412197440992,10.710014017145543,16.237496740714445,1015.4121688859196,13.621609197990573,4.300438389911968,136,0.6381244368742793,42,0.4199623592191904
2025-10-07,14.482216943166957,6.6175583565749,14.921386747686341,1016.9465479617683,29.256935972041376,3.7355481191187625,306,0.49410814423340255,54,0.6543023362907133
2025-10-08,10.397833692264145,10.72578512809098,17.42942578609397,1013.6216076316479,16.704779636695886,4.959474565940925,230,0.4543139665961402,39,0.2852944998508156
2025-10-09,13.200245349707998,8.557323611393588,17.19819652356951,1008.7362364121725,-1.8951880717334066,4.303852193321469,86,0.6484735344346371,57,0.5384812844892856
2025-10-10,9.021398511523426,7.981516183634449,16.948170593707292,1012.2638422267778,20.170360144365734,2.4435228943995666,60,0.3086509138187031,23,0.16093903738714435
2025-10-11,13.584181477654829,8.100880441680621,17.86115339190374,1017.9289762544812,23.5726137882389,3.086825938757568,178,0.7311180592684969,28,0.573168391746778
2025-10-12,13.268470679904977,7.381976474981018,17.31681335183695,1012.7674801686659,9.927815161941213,5.916660085364418,131,0.48362217237672356,42,0.5446451726309823
2025-10-13,13.213730273016271,8.225364279312114,17.907806857837446,1014.9554884523234,6.266076786510769,2.3386286666461706,291,0.33868766126391653,41,0.5396995938566653
2025-10-14,12.131042340710835,5.826778163779064,17.588216403233197,1008.3399815780637,-0.24636800175848572,4.366524956228601,48,0.6975778469485433,21,0.4418830308905662
2025-10-15,12.948126497648627,7.434168081677257,15.33724745198585,1006.127042763298,-5.387865966935338,2.098932225306383,47,0.8175137101091383,55,0.5157033455915155
2025-10-16,14.76419159404947,5.883983815897483,17.00890481927655,1010.2658641277485,11.916252694269385,1.2990595382178092,76,0.6477267176270765,26,0.6797776282653467
2025-10-17,10.919751354402942,11.677637137443273,17.6039122583164,1008.959207889221,-13.600502675289254,2.907845363689074,282,0.3542039014467814,44,0.33244769177104905
2025-10-18,10.590883166135303,7.658808212343042,16.02128202288027,1006.75577655026,-16.155495847331427,5.79851428956945,90,0.4547274748573024,22,0.3027357545771713
2025-10-19,10.736924680617452,5.11931823767054,15.61957380438694,1013.8065312074449,-13.786325098643958,3.6980051166763253,234,0.7903341528230521,35,0.3159300265097947
2025-10-20,16.77608780161285,10.229588355376269,20.504953928265863,1014.7209801896756,-7.866914638226295,5.350321509549601,285,0.5614020729319003,34,0.8615444755685465
2025-10-21,9.645169020172133,9.108792822994811,14.38171714695737,1016.5518235010812,-7.569645730550758,5.101736859684431,75,0.4393301832264739,26,0.21729423025025188
2025-10-22,13.540511512221682,9.769876422625863,18.54554260503329,1013.9883264159826,32.452478996488686,4.637340344758884,86,0.5991269006545864,30,0.5692229834753264
2025-10-23,12.8926091594607,10.156028291755208,19.039051575762826,1012.453233759302,-1.7286234346811782,3.6333539940271926,308,0.4647030500096946,54,0.5106875741540287
2025-10-24,11.269929429287075,6.619105452732526,17.453726052409454,1011.2821456624147,-9.547143031524339,2.189982099193581,349,0.6959002469666529,20,0.36408489274946354
2025-10-25,13.106874190525511,11.557277766177242,17.43589213409127,1012.8486394422386,-6.79446019728769,1.621722122213963,17,0.6845818643841444,25,0.5300455703754842
2025-10-26,12.572527352179293,8.182876571666233,17.436654491572103,1013.6151552942091,1.9972652800825088,3.788125052349592,278,0.557653275721099,43,0.4817694516535074
2025-10-27,11.985761341761375,8.543740350744217,19.807681433726668,1008.9551414481547,-13.026843160061322,5.6963661454975085,347,0.40376050041683514,54,0.42875746852167795
2025-10-28,16.02405346459603,7.868635795994565,17.085276454809943,1012.5977304445552,-24.671742162334944,1.4631764117946053,186,0.6558185241400866,47,0.7936011542434114
2025-10-29,12.554872222503642,9.171244231427027,16.96079784413866,1011.8990198332809,-21.55916013672067,2.0876674930031927,350,0.4977186028929854,31,0.4801743806713125
2025-10-30,11.5485054930648,8.40860297855943,15.055084712336223,1014.6828958364061,-9.613663866670926,4.0450042232025885,88,0.35450213352505494,38,0.3892531358509989
2025-10-31,12.629160033928141,10.165243052413327,15.258178718603311,1007.6788686353913,-31.282155834753762,4.944595410611798,65,0.4592709487415704,36,0.4868859899605608
2025-11-01,15.254026273630847,8.1294748125159,18.554006663245854,1010.7674788319085,7.923849957588236,2.139176194153633,140,0.48030929753112506,43,0.7240322498867632
2025-11-02,11.209046702248454,9.451989721900418,20.41512544456031,1015.143969354463,18.65131124705365,5.171202256304591,58,0.8258360559303886,33,0.35858437969743384
2025-11-03,11.048208542937198,9.00601389534628,20.742930583780385,1016.7374225614051,26.5651246472138,5.178974258504286,163,0.35262472632249686,34,0.34405328955761816
2025-11-04,12.437552510674761,8.399815978194729,21.604481827876725,1013.7009876674642,7.946884137450693,5.1760215778147085,278,0.46650492177723357,48,0.46957500975670546
2025-11-05,11.52708842540499,10.810109553971548,16.66259244527749,1011.7250168408533,1.2306388833985804,5.072663037304384,185,0.71688231771766,53,0.3873181886840585
2025-11-06,14.970581995229374,6.450471361115262,16.41463761546686,1006.3021297609956,-25.716043124603875,3.0617017343953665,134,0.6380378238535319,27,0.6984241828913174
2025-11-07,12.016157559616785,12.91826312865236,15.733300800256593,1009.8567133164296,-20.290789658304384,5.317759996038324,258,0.7865427428734941,55,0.4315036463159144
2025-11-08,10.450053844419593,9.037232966232368,18.510884457208086,1009.6535963385188,-18.628944463297895,3.68615497678735,213,0.30158602700703513,41,0.29001238360013926
2025-11-09,17.946703678569857,5.926643533736081,14.866790805349304,1013.3996214445294,0.23020341937410693,5.9559573829252574,84,0.8092035482225994,49,0.9673049797921933
2025-11-10,13.771695366543227,11.723849139660324,16.302944213603965,1010.5673779135751,6.423378544686429,1.3352694751046625,209,0.5802672088548206,37,0.5901095283127075
2025-11-11,16.188362697426705,8.246560617509132,15.480133702472283,1014.8667297294161,-11.071844416499015,2.2309479909362944,287,0.4037765192567087,35,0.8084458421165548
2025-11-12,12.610684203101846,7.371571647255886,18.413611320917642,1014.7482380526646,-19.811861241744676,5.751673226171454,216,0.5412357312924561,46,0.4852167718826212
2025-11-13,11.339730129531924,4.250039050644791,15.619723111342008,1012.5638268923893,-23.34256930157126,5.163710226934539,230,0.6109860792647213,30,0.3703911093303019
2025-11-14,11.821676699686149,7.453976578663413,17.140565577543082,1009.5435675728105,3.471580865482043,1.5717548095441223,65,0.3828983006804841,31,0.4139330715330236
2025-11-15,11.59799829327534,12.181238567626337,13.0092614827451,1009.7325070224747,-7.663707684854335,3.0708389831239744,58,0.4521384991309963,59,0.39372461416317905
2025-11-16,13.021573871172777,6.473452132295845,18.31763422166317,1012.1521654321732,9.396254363947834,5.015896370102609,208,0.5981825962814618,26,0.5223390246479187
2025-11-17,15.021391348783736,8.63869424980798,17.499583001949016,1008.0589872736879,6.897286785552527,5.193525371661241,258,0.4138024415310807,50,0.703014606579364
2025-11-18,12.25345713556175,7.281429291938888,15.045926290548543,1011.5873645867179,3.4002958242391275,5.420553978163697,318,0.8820739167284293,33,0.45294272235957445
2025-11-19,12.747657483703323,8.448985568362644,15.904700567018097,1005.318961245136,-7.758631709383049,4.013372215604283,306,0.8150664963801975,57,0.4975917648301253
2025-11-20,12.511148140022206,11.68408604744224,16.31510235262227,1008.9644710057578,-7.223380765696267,1.0705868354080208,2,0.40686723028577504,51,0.476224083139065
2025-11-21,11.90413247394991,7.655565236215464,18.462157799471427,1012.330054598901,8.4824673551152,1.2800209617895661,329,0.3917823082928378,22,0.4213826238874265
2025-11-22,10.13678014949591,11.11743676990714,18.15736673710969,1012.0892028774779,21.991456725179876,3.9866419795812615,151,0.5913556165905354,49,0.2617093470641413
2025-11-23,13.231023475684333,8.76846163775274,14.830478045473914,1013.4817183125789,20.507514899416748,4.268747427133917,101,0.7442232974883252,55,0.5412619661683841
2025-11-24,13.983243532198461,9.009290689968624,16.712420095368234,1012.5613417980957,8.170699050720405,1.6672388193626273,309,0.6936862758344697,40,0.6092220665139186
2025-11-25,15.8411400009754,6.667072087518221,16.418520736250674,1014.4278519647931,-6.312857215184488,3.523040065731542,342,0.36955059721067446,22,0.7770756478645825
2025-11-26,12.160850767509828,7.410723788563152,19.579894854813613,1011.5861170262876,5.770167849343956,2.24363809774212,65,0.5294244430711217,32,0.44457610409282805
2025-11-27,10.216378296911012,6.992256520727188,17.122987004031575,1011.6455958806416,-29.17214498654938,1.5733851270645707,355,0.5711601538294875,34,0.2689007241602495
2025-11-28,16.283638145203888,10.059090035519837,14.272965093007002,1009.9616260626699,-27.407688714784413,5.9130077904468585,34,0.55638302125478,37,0.8170536011563877
2025-11-29,13.07615625513786,6.181647392804468,19.051721918327395,1014.2179076057901,0.7115829802020658,1.6871315939234135,209,0.41593631469790104,38,0.5272703266774811
2025-11-30,13.085627494205903,6.983672577025343,15.06234151684851,1012.862873343127,5.965595079270466,3.702793221820146,26,0.6185695380582646,44,0.528126015583788
2025-12-01,11.630352307078915,9.59935275370498,17.096144522549434,1013.9051529493045,2.0759916743489053,4.07351252938599,72,0.5553519522314243,39,0.3966476710607326
2025-12-02,11.252140975893159,7.225530473597128,16.525578384185998,1011.2310813788329,-28.178043922863896,5.397881222094437,160,0.42018636671095827,35,0.3624777764978116
2025-12-03,11.631560149166482,7.460806204734053,19.061928933012997,1016.1699248174884,8.287898116429224,5.714570677775488,156,0.7858911281218166,23,0.3967567948055221
2025-12-04,12.171576610548087,11.203868811314875,16.713670707883654,1010.3879245346632,2.5688135202904356,5.774179380634481,62,0.8518031450871897,44,0.44554514149466024
2025-12-05,7.250258091903118,10.055698525977093,22.533281524432955,1014.7680553770629,-28.296874192172076,5.21645631817176,30,0.5010353026746736,31,0.000923521181391996
2025-12-06,13.996607098771975,6.240771988131577,15.525768237928116,1010.1566358580305,29.653729093452522,4.266738292107017,263,0.6507716231696203,30,0.6104294117813645
2025-12-07,8.480933470259737,9.686080634069652,19.97797708072669,1008.3205421943487,25.822637585268875,4.877119054896929,349,0.42588090394580724,27,0.11211016328380685
2025-12-08,13.744373001050588,8.435788877699867,17.29884129878598,1014.3549173873787,-18.023080067147916,4.442135257467314,120,0.39308647219562587,28,0.5876410608948592
2025-12-09,11.194699592714517,7.470441634866502,18.773282089568916,1009.0257038499583,7.174993858289421,2.517068053146693,304,0.770816219899832,29,0.357288175222226
2025-12-10,12.71978710358839,9.53281997927467,22.411249588477517,1011.5313934917776,-12.808485822299133,5.256552367555106,55,0.4281389682371557,49,0.4950737864634537
2025-12-11,11.655995798158786,5.4258540263833615,19.368711551401642,1013.201081503517,-3.8383294642313857,2.251344524347449,348,0.6442660099210562,25,0.39896445883035664
2025-12-12,9.747650778252092,5.304007145684736,19.478428022879974,1008.9367702234802,17.29736950589554,4.625216548146554,284,0.891639505776407,27,0.2265530508605077
2025-12-13,14.56988893286146,6.8967479919302646,16.97892443682565,1007.600056057171,-0.542801413086581,3.391857716808803,325,0.3096766517911199,59,0.6622231530324817
2025-12-14,11.425218841362472,9.75321955767435,17.21585188534039,1009.9157142929721,8.021538915684447,1.8547396857915883,150,0.8297958671512604,42,0.37811467557145995
2025-12-15,15.157498632486767,7.161760459494261,18.215639167311522,1008.160578184483,-14.993198926191985,2.1207939755371092,40,0.30606545933131907,24,0.7153113601398594
2025-12-16,14.361474233515095,13.57150375602577,16.946779178361233,1012.1041840851293,5.946058940492656,5.6265520604685975,136,0.7373625136862054,37,0.6433937110913822
2025-12-17,12.898748065534388,7.710871871660252,17.293323997855207,1006.4030283590989,17.42131598095656,2.031745142038143,4,0.398099484408621,58,0.5112421999834873
2025-12-18,7.845217168658493,11.885957781634854,15.46011330015584,1014.2525090872531,-1.0764389349083212,1.9038312144110723,210,0.3317079401068274,43,0.05467571537992908
2025-12-19,14.272732647784121,7.946570857620542,16.737267974318097,1010.4416805819454,17.975813620751328,5.417974994315471,185,0.5147502176895107,54,0.6353762605875407
2025-12-20,7.759886817437535,7.722906784530397,17.292669672017077,1008.7278692213172,-1.1734778946737514,4.013020601820298,16,0.36935226117628545,33,0.04696645639211439
2025-12-21,13.804025923939061,9.77328483515221,15.66903551702528,1012.3649713536406,0.503083142250421,4.8823046305835325,305,0.58929089181943,44,0.5930304660168016
2025-12-22,10.3630066557071,8.589598938948193,15.938258978152028,1014.5479482530403,7.44757400449132,4.3732001859725935,55,0.4418549729618415,43,0.2821480151504174
2025-12-23,12.73124603383615,6.98751180082367,18.13997497655698,1006.9956748854836,-7.05714299869627,5.326510081577164,312,0.8553130168623762,34,0.49610905538874545
2025-12-24,15.326985470591179,9.741574999638594,15.951150687557865,1009.1424650758821,18.96418893678126,3.916708123907641,328,0.7612732426429047,58,0.7306238241257313
2025-12-25,11.66911595302244,7.830988691467942,16.870052087207352,1011.6841176866144,10.355996754855832,2.390463196832087,38,0.7284397864504648,30,0.4001498128146878
2025-12-26,12.831472362521472,7.932066922472516,13.844876766673245,1010.5202461322311,17.60662161802903,1.797730513571635,113,0.5820238696502761,39,0.5051641068935987
2025-12-27,14.810915331723706,10.52665797232757,15.667006072330883,1015.6141278453381,-25.376616420776003,4.503212026484708,173,0.7594731202753275,44,0.6839989327537892
2025-12-28,13.250064022572388,6.896709940049619,16.4753686308358,1006.9136335550528,-24.317764081299202,2.841489158665034,179,0.7512491372368736,41,0.5429822041039991
2025-12-29,13.64219922361075,10.704511516573143,16.246869781556462,1010.3511718491765,3.4667788980196192,3.694415203315368,55,0.7095439112410988,21,0.5784100651146192
2025-12-30,13.554515851755076,7.085805209741203,17.058674403265634,1008.7977776139202,-7.125059440749276,2.3463248869108027,202,0.3060290347031856,28,0.5704882200397073
2025-12-31,15.72999685424336,7.5216663397170205,16.779924276036233,1015.1474277834384,5.817631576301508,2.482720783533222,230,0.8938624687753232,36,0.7670343051228976
2026-01-01,12.828802800003762,10.65701507512795,16.514495985316554,1008.3889246158121,14.359035477507113,1.9531030969343028,196,0.8711778599485793,26,0.5049229225021282
2026-01-02,13.05365808459063,10.715682173396962,18.45582631917099,1012.3141610750847,-10.45506151995423,5.427875954446881,307,0.3874522543929537,48,0.5252377061500968
2026-01-03,14.007849544344376,7.598590389124192,19.882346469871056,1009.2751096761428,-0.5455816025514886,2.2784745287328567,346,0.6304762706802159,41,0.6114451221743714
2026-01-04,13.356208125562734,10.494670429561005,16.043144512352573,1012.4695314608189,12.868465802476562,4.093936815126495,305,0.6834207100217246,38,0.5525719030595668
2026-01-05,11.756929827274766,8.980972834112583,16.34296775171604,1013.2761117565847,-12.754547257300258,4.648705903930796,57,0.32169726608540666,44,0.4080834482638327
2026-01-06,11.810634543821667,11.127714122470536,17.600743560618543,1012.8927904582162,3.160585182475777,2.1126866819658447,116,0.31967300720547265,33,0.41293545652118946
2026-01-07,11.681609490972436,10.834416636999208,19.2113967186299,1012.143809411054,2.651003605152594,5.022272058051049,297,0.7653178437646262,20,0.40127855444474636
2026-01-08,12.603992603341016,12.363448198392982,17.67458422231409,1008.4548666825683,-0.5149017146937889,5.968857117600002,55,0.837941694837794,39,0.48461221236937774
2026-01-09,15.297875218539714,8.690362508984306,14.486323797698114,1012.4626846080691,6.680307224278036,3.2514272362219314,145,0.7624228106965887,42,0.727993828244381
2026-01-10,8.971443903079848,9.813434758226494,18.343874434456442,1009.0800561097094,9.216847507916938,5.850796289293442,125,0.704486288904091,39,0.15642583653169273
2026-01-11,12.292774797065325,6.753416126619682,16.86661658449421,1013.460674338913,27.646839641781856,2.8317202075908563,96,0.5419626771164625,33,0.45649491722329194
2026-01-12,14.209713775101681,10.342888956137791,16.44973222360467,1007.9151086930582,-2.8372517900564134,5.509732656622499,124,0.6092203432302721,47,0.6296827552441604
2026-01-13,12.983543166433957,9.192524608283565,15.308533452731481,1011.25550739408,3.1866398742321738,2.4214600143472254,220,0.7483357645938442,21,0.5189031012264684
2026-01-14,14.06827837504529,6.616079272132991,16.15300098416745,1009.835641001181,12.110618182267736,1.952839747289536,176,0.4126278312673698,45,0.6169046274915103
2026-01-15,12.898703416041549,11.545514083463036,14.89574447279109,1011.8163639962839,-5.029389690605769,3.5698089065976513,326,0.6796890242810785,25,0.5112381660787975
2026-01-16,13.471661789161145,7.188688056989446,14.838039199387742,1004.7019657555383,27.357526687834387,4.3433365744804515,190,0.6404176180209515,58,0.5630026839134674
2026-01-17,13.420839144392723,7.676381817316055,15.142600460094856,1009.3683007679657,15.808166109801011,2.5793126135465663,334,0.682337447133142,50,0.5584110594169162
2026-01-18,12.611629310268839,8.527814058537324,17.28169753323853,1015.579968306807,-17.902766023618057,1.6301059459258447,243,0.49084543762697247,29,0.4853021585688042
2026-01-19,11.05557905041468,4.2677962413181305,17.981022607964622,1012.6283420350003,23.682042210480223,3.1918331989184994,350,0.6866528052015142,45,0.3447191856919069
2026-01-20,13.123348821913876,8.111122195473978,16.20694294476844,1009.6945368552501,-2.0352851044109928,5.794358508053393,299,0.5237417515221221,52,0.5315339880168555
2026-01-21,13.907998110443609,10.393346136251681,17.52634053702069,1013.601044057698,16.158291723149453,4.558896960059535,159,0.7866397746982463,45,0.6024239409272396
2026-01-22,11.72304977741358,6.972111610838083,19.091588978451888,1010.0604361331192,11.548284588011313,2.807696824873601,69,0.787774427354973,28,0.4050225200576002
2026-01-23,10.595734105708758,7.883040548311294,16.92457872072861,1016.152654961882,4.530910719345572,2.023852247873431,343,0.5178502215162235,59,0.303174017738765
2026-01-24,11.971925392370252,9.98038700698863,18.22723263471415,1005.6436822702503,-2.728441293374976,3.3902168767349345,317,0.4543077645350909,25,0.42750744533916163
